[
  {
    "id": "d01d17e5-43bf-4b93-b0e6-e379a539d501",
    "data": [
      {
        "text": "ఇక్కడికి స్వాగతం",
        "userDefined": false
      }
    ],
    "isTemplate": false,
    "count": 0,
    "lang": "te",
    "updated": 0
  },
  {
    "id": "da7d9ba6-a4ac-42d6-9946-f6de74b20748",
    "data": [
      {
        "text": "స్వాగతం",
        "userDefined": false
      }
    ],
    "isTemplate": false,
    "count": 0,
    "lang": "te",
    "updated": 0
  },
  {
    "id": "3a3c6cf8-b399-4bc1-a966-ca4575c1f23a",
    "data": [
      {
        "text": "మీరు ఆహ్వానితులు",
        "userDefined": false
      }
    ],
    "isTemplate": false,
    "count": 0,
    "lang": "te",
    "updated": 0
  },
  {
    "id": "be4f7eb6-81ee-4bff-b91c-6d66fd78fa45",
    "data": [
      {
        "text": "అది మా అదృష్టం",
        "userDefined": false
      }
    ],
    "isTemplate": false,
    "count": 0,
    "lang": "te",
    "updated": 0
  },
  {
    "id": "fdaaebbe-1416-481f-aa38-33f948c24ee4",
    "data": [
      {
        "text": "తప్పకుండా రండి",
        "userDefined": false
      }
    ],
    "isTemplate": false,
    "count": 0,
    "lang": "te",
    "updated": 0
  },
  {
    "id": "3bb309d4-1034-4442-ac3f-5a9d1452d551",
    "data": [
      {
        "text": "నాకు సంతోషంగా ఉంది",
        "userDefined": false
      }
    ],
    "isTemplate": false,
    "count": 0,
    "lang": "te",
    "updated": 0
  },
  {
    "id": "ddb3e4ae-b39c-4dab-8f46-8855936ec170",
    "data": [
      {
        "text": "మీకు స్వాగతం",
        "userDefined": false
      }
    ],
    "isTemplate": false,
    "count": 0,
    "lang": "te",
    "updated": 0
  }
]